City_ID,City,Country,Date,Lat,Lng,Max Temp,Humidity,Cloudiness,Wind Speed
0,Rikitea,PF,2022-01-26 00:10:29,-23.1203,-134.9692,78.57,75,100,17.45
1,Port Alfred,ZA,2022-01-26 00:10:29,-33.5906,26.891,72.12,84,94,9.95
2,Berlevag,NO,2022-01-26 00:10:30,70.8578,29.0864,31.64,64,97,26.93
3,Te Anau,NZ,2022-01-26 00:10:30,-45.4167,167.7167,56.19,81,85,2.84
4,Thompson,CA,2022-01-26 00:10:30,55.7435,-97.8558,-3.69,89,87,12.01
5,Geraldton,AU,2022-01-26 00:10:31,-28.7667,114.6,73.81,53,0,11.5
6,Kaitangata,NZ,2022-01-26 00:10:31,-46.2817,169.8464,55.26,88,69,7.76
7,Shingu,JP,2022-01-26 00:10:32,33.7333,135.9833,47.34,58,21,4.54
8,Nikolskoye,RU,2022-01-26 00:10:32,59.7035,30.7861,14.92,99,74,3.87
9,Vardo,NO,2022-01-26 00:06:24,70.3705,31.1107,26.8,72,42,24.87
10,Vysokogornyy,RU,2022-01-26 00:10:32,50.1167,139.15,-0.71,94,74,2.1
11,Punta Arenas,CL,2022-01-26 00:10:33,-53.15,-70.9167,48.31,57,0,27.63
12,Yellowknife,CA,2022-01-26 00:10:33,62.456,-114.3525,0.55,91,98,11.01
13,Harper,LR,2022-01-26 00:10:34,4.375,-7.7169,78.67,84,3,5.68
14,Mataura,NZ,2022-01-26 00:10:34,-46.1927,168.8643,54.48,96,97,5.77
15,Pevek,RU,2022-01-26 00:10:35,69.7008,170.3133,-32.12,100,80,3.11
16,Kruisfontein,ZA,2022-01-26 00:10:35,-34.0033,24.7314,68.88,94,100,8.05
17,Cape Town,ZA,2022-01-26 00:10:35,-33.9258,18.4232,68.34,78,0,5.99
18,Coruripe,BR,2022-01-26 00:10:36,-10.1256,-36.1756,79.72,78,93,12.28
19,Jamestown,US,2022-01-26 00:10:36,42.097,-79.2353,18.72,85,100,8.05
20,Isangel,VU,2022-01-26 00:10:36,-19.55,169.2667,85.51,70,14,5.97
21,Saint George,US,2022-01-26 00:06:02,37.1041,-113.5841,53.64,32,0,8.01
22,Ushuaia,AR,2022-01-26 00:10:37,-54.8,-68.3,42.46,75,75,21.85
23,Atuona,PF,2022-01-26 00:07:27,-9.8,-139.0333,78.31,74,2,18.3
24,Bredasdorp,ZA,2022-01-26 00:10:38,-34.5322,20.0403,62.28,85,100,9.93
25,Namibe,AO,2022-01-26 00:10:38,-15.1961,12.1522,75.2,85,92,2.84
26,Hithadhoo,MV,2022-01-26 00:10:38,-0.6,73.0833,80.98,67,91,16.26
27,Bethel,US,2022-01-26 00:10:39,41.3712,-73.414,35.04,61,0,3.44
28,Norman Wells,CA,2022-01-26 00:10:39,65.282,-126.8329,37.71,77,63,19.53
29,San Lorenzo,PY,2022-01-26 00:10:40,-25.3333,-57.5333,93.04,35,91,0.81
30,Pitimbu,BR,2022-01-26 00:10:40,-7.4706,-34.8086,79.39,74,69,11.45
31,Port Elizabeth,ZA,2022-01-26 00:10:41,-33.918,25.5701,71.1,89,99,10.16
32,Cidreira,BR,2022-01-26 00:06:49,-30.1811,-50.2056,77.56,85,33,16.51
33,Castro,BR,2022-01-26 00:10:41,-24.7911,-50.0119,68.25,60,14,3.83
34,San,ML,2022-01-26 00:07:53,13.3034,-4.8956,71.11,13,51,9.78
35,Huarmey,PE,2022-01-26 00:10:42,-10.0681,-78.1522,72.28,80,41,7.58
36,Port-Gentil,GA,2022-01-26 00:10:42,-0.7193,8.7815,79.86,81,20,7.29
37,Avarua,CK,2022-01-26 00:10:42,-21.2078,-159.775,78.85,89,100,5.75
38,Upernavik,GL,2022-01-26 00:09:10,72.7868,-56.1549,4.19,93,100,8.81
39,Puerto Ayora,EC,2022-01-26 00:10:43,-0.7393,-90.3518,74.59,85,67,7.47
40,Oussouye,SN,2022-01-26 00:10:43,12.485,-16.5469,81.1,14,100,8.01
41,Yar-Sale,RU,2022-01-26 00:10:44,66.8333,70.8333,10.92,94,100,18.54
42,Cherskiy,RU,2022-01-26 00:09:09,68.75,161.3,-42.81,100,91,5.32
43,La Ronge,CA,2022-01-26 00:06:41,55.1001,-105.2842,15.8,90,100,14.63
44,Kwinana,AU,2022-01-26 00:10:44,-32.25,115.7667,71.82,68,0,10.22
45,Belmonte,BR,2022-01-26 00:11:45,-15.8631,-38.8828,78.96,80,100,9.17
46,Hobart,AU,2022-01-26 00:09:51,-42.8794,147.3294,65.01,74,75,1.01
47,Aykhal,RU,2022-01-26 00:11:45,66.0,111.5,1.42,88,100,4.81
48,Narasannapeta,IN,2022-01-26 00:11:45,18.4167,84.05,68.25,81,48,7.52
49,Vaini,TO,2022-01-26 00:11:46,-21.2,-175.2,86.16,74,20,9.22
50,Albany,US,2022-01-26 00:08:36,42.6001,-73.9662,25.38,71,65,1.01
51,San Andres,CO,2022-01-26 00:11:46,12.5847,-81.7006,80.62,74,20,4.61
52,Tres Arroyos,AR,2022-01-26 00:11:47,-38.3739,-60.2798,75.15,63,44,6.76
53,Hokitika,NZ,2022-01-26 00:11:47,-42.7167,170.9667,65.39,74,73,13.58
54,Fortuna,US,2022-01-26 00:10:31,40.5982,-124.1573,60.19,78,0,1.01
55,Axim,GH,2022-01-26 00:11:48,4.8699,-2.2405,77.7,87,1,3.8
56,Tanout,NE,2022-01-26 00:11:48,14.9709,8.8879,56.23,22,0,17.29
57,Butte,US,2022-01-26 00:11:48,39.6499,-121.5677,66.87,28,0,10.36
58,Sokolo,ML,2022-01-26 00:11:49,14.7328,-6.1219,70.97,14,82,10.2
59,Chissamba,AO,2022-01-26 00:11:49,-12.1667,17.3333,65.1,86,100,1.43
60,Rujewa,TZ,2022-01-26 00:11:49,-8.7,34.3833,64.4,96,96,2.06
61,Torbay,CA,2022-01-26 00:11:28,47.6666,-52.7314,27.57,91,99,3.0
62,Pochutla,MX,2022-01-26 00:11:50,15.7432,-96.4661,81.82,64,0,6.31
63,Camopi,GF,2022-01-26 00:11:50,3.1655,-52.3158,72.05,99,94,2.51
64,Nikolayevsk-Na-Amure,RU,2022-01-26 00:11:51,53.1406,140.73,-3.41,98,89,4.29
65,Hilo,US,2022-01-26 00:10:41,19.7297,-155.09,78.53,68,75,9.22
66,Teknaf,BD,2022-01-26 00:11:51,20.8624,92.3058,69.89,69,93,4.81
67,Hermanus,ZA,2022-01-26 00:11:51,-34.4187,19.2345,66.9,83,93,12.97
68,Atar,MR,2022-01-26 00:11:52,20.5169,-13.0499,69.33,30,85,8.03
69,Taltal,CL,2022-01-26 00:11:52,-25.4,-70.4833,66.42,75,20,3.83
70,Ponta Do Sol,PT,2022-01-26 00:11:53,32.6667,-17.1,61.43,71,27,7.27
71,Saskylakh,RU,2022-01-26 00:11:53,71.9167,114.0833,10.54,85,100,19.15
72,Victoria,HK,2022-01-26 00:11:39,22.2855,114.1577,66.18,91,98,1.99
73,Ola,RU,2022-01-26 00:11:53,59.5833,151.2833,-11.87,87,74,8.95
74,Chuy,UY,2022-01-26 00:11:54,-33.6971,-53.4616,75.67,93,100,6.55
75,Piacabucu,BR,2022-01-26 00:11:54,-10.4056,-36.4344,80.02,77,77,11.86
76,Cap Malheureux,MU,2022-01-26 00:11:54,-19.9842,57.6142,73.47,75,53,3.0
77,Srivardhan,IN,2022-01-26 00:11:55,18.0333,73.0167,62.91,68,2,4.81
78,Calama,CL,2022-01-26 00:11:55,-22.4667,-68.9333,63.81,22,28,10.51
79,Busselton,AU,2022-01-26 00:11:56,-33.65,115.3333,65.08,61,1,11.74
80,Khatanga,RU,2022-01-26 00:11:27,71.9667,102.5,-0.78,86,76,14.85
81,Padang,ID,2022-01-26 00:11:56,-0.9492,100.3543,77.05,83,100,4.03
82,Asfi,MA,2022-01-26 00:11:56,32.2994,-9.2372,57.87,80,97,5.61
83,Arraial Do Cabo,BR,2022-01-26 00:11:57,-22.9661,-42.0278,76.46,87,15,20.71
84,Millau,FR,2022-01-26 00:11:57,44.0833,2.9167,29.39,76,0,2.55
85,Saint-Francois,FR,2022-01-26 00:11:58,46.4154,3.9054,24.67,100,0,3.44
86,Richards Bay,ZA,2022-01-26 00:10:23,-28.783,32.0377,73.24,92,39,3.33
87,Hami,CN,2022-01-26 00:11:58,42.8,93.45,21.6,51,66,3.51
88,Boffa,GN,2022-01-26 00:11:58,10.1667,-14.0333,74.5,70,22,2.33
89,Acarau,BR,2022-01-26 00:11:59,-2.8856,-40.12,80.98,74,100,13.42
90,Surgut,RU,2022-01-26 00:11:59,61.25,73.4167,3.38,92,40,2.24
91,Longyearbyen,SJ,2022-01-26 00:11:59,78.2186,15.6401,15.64,62,40,19.57
92,Tiksi,RU,2022-01-26 00:12:00,71.6872,128.8694,-6.95,94,100,10.89
93,Gigmoto,PH,2022-01-26 00:12:00,13.7796,124.39,78.4,90,100,8.97
94,Svetlogorsk,BY,2022-01-26 00:12:00,52.6333,29.7333,28.13,97,100,7.31
95,Butaritari,KI,2022-01-26 00:13:01,3.0707,172.7902,82.06,79,39,16.91
96,Chokurdakh,RU,2022-01-26 00:12:41,70.6333,147.9167,-32.21,100,100,7.31
97,Kapaa,US,2022-01-26 00:13:01,22.0752,-159.319,79.12,66,40,4.0
98,Buin,CL,2022-01-26 00:13:02,-33.7333,-70.75,79.74,47,0,5.61
99,Luganville,VU,2022-01-26 00:13:02,-15.5333,167.1667,86.34,70,93,5.32
100,Hovd,MN,2022-01-26 00:13:03,48.0056,91.6419,-11.02,76,62,4.34
101,Askiz,RU,2022-01-26 00:13:03,53.1319,90.5264,1.76,97,99,0.54
102,Kununurra,AU,2022-01-26 00:13:03,-15.7667,128.7333,78.78,94,100,4.61
103,Portree,GB,2022-01-26 00:13:04,57.4129,-6.1942,45.86,89,100,9.06
104,Bluff,NZ,2022-01-26 00:13:04,-46.6,168.3333,54.81,76,100,10.92
105,Provideniya,RU,2022-01-26 00:13:05,64.3833,-173.3,-6.65,64,0,6.71
106,Merauke,ID,2022-01-26 00:13:05,-8.4667,140.3333,83.62,76,99,2.98
107,Podyuga,RU,2022-01-26 00:13:05,61.095,40.8647,7.48,99,97,3.09
108,Tuatapere,NZ,2022-01-26 00:13:06,-46.1333,167.6833,54.82,90,100,5.93
109,Hofn,IS,2022-01-26 00:13:06,64.2539,-15.2082,35.19,54,1,13.82
110,Souillac,MU,2022-01-26 00:10:21,-20.5167,57.5167,73.36,71,90,13.69
111,Ostrovnoy,RU,2022-01-26 00:13:07,68.0531,39.5131,17.89,84,19,17.9
112,Nola,IT,2022-01-26 00:13:07,40.922,14.5329,48.54,97,0,2.17
113,Egvekinot,RU,2022-01-26 00:13:07,66.3167,-179.1667,-27.4,90,89,1.57
114,Barrow,US,2022-01-26 00:09:43,71.2906,-156.7887,-5.78,77,75,24.16
115,New Norfolk,AU,2022-01-26 00:13:08,-42.7826,147.0587,64.65,63,100,1.99
116,Georgetown,MY,2022-01-26 00:11:24,5.4112,100.3354,80.53,83,20,0.0
117,Sovetskiy,RU,2022-01-26 00:13:08,61.3614,63.5842,5.18,94,84,5.03
118,Kanigoro,ID,2022-01-26 00:13:09,-8.13,112.219,76.87,89,99,3.53
119,Esso,RU,2022-01-26 00:13:09,55.9333,158.7,-1.57,97,93,2.35
120,Hambantota,LK,2022-01-26 00:13:09,6.1241,81.1185,72.0,86,91,8.88
121,Cockburn Town,TC,2022-01-26 00:13:10,21.4612,-71.1419,76.98,71,0,9.1
122,Port Antonio,JM,2022-01-26 00:13:10,18.18,-76.4612,80.51,82,11,8.03
123,Tuktoyaktuk,CA,2022-01-26 00:13:10,69.4541,-133.0374,16.52,89,100,28.54
124,Maldonado,UY,2022-01-26 00:13:11,-34.6667,-54.9167,76.39,97,100,3.91
125,Karratha,AU,2022-01-26 00:13:11,-20.7377,116.8463,84.09,69,0,8.75
126,Vila Do Maio,CV,2022-01-26 00:13:12,15.1333,-23.2167,74.62,77,4,16.24
127,Klaksvik,FO,2022-01-26 00:13:12,62.2266,-6.589,41.92,74,38,47.85
128,Carnarvon,AU,2022-01-26 00:11:34,-24.8667,113.6333,80.67,65,0,14.97
129,Pascagoula,US,2022-01-26 00:13:12,30.3658,-88.5561,52.72,91,100,6.91
130,Vitim,RU,2022-01-26 00:12:11,59.4511,112.5578,-2.15,98,99,4.72
131,Cayenne,GF,2022-01-26 00:13:13,4.9333,-52.3333,80.1,86,75,4.0
132,Laibin,CN,2022-01-26 00:13:13,23.7,109.2667,54.68,87,100,3.02
133,Airai,TL,2022-01-26 00:13:14,-8.9266,125.4092,68.07,71,95,3.74
134,Cabo San Lucas,MX,2022-01-26 00:13:14,22.8909,-109.9124,72.7,53,20,4.0
135,Bull Savanna,JM,2022-01-26 00:13:14,17.8868,-77.5902,74.32,80,24,8.46
136,Am Timan,TD,2022-01-26 00:13:15,11.0297,20.2827,74.34,21,71,6.85
137,Ialibu,PG,2022-01-26 00:13:15,-6.2821,143.9935,69.76,61,70,2.82
138,Aksu,CN,2022-01-26 00:13:16,41.1231,80.2644,20.89,64,21,2.55
139,Iracoubo,GF,2022-01-26 00:14:16,5.4802,-53.2011,76.64,86,86,10.58
140,Dalvik,IS,2022-01-26 00:14:17,65.9702,-18.5286,27.09,91,100,7.94
141,Lons,FR,2022-01-26 00:14:17,43.3167,-0.4,35.42,86,0,3.44
142,Mount Isa,AU,2022-01-26 00:14:17,-20.7333,139.5,82.17,83,40,11.5
143,Grand Gaube,MU,2022-01-26 00:14:18,-20.0064,57.6608,73.38,75,53,3.0
144,Sterlibashevo,RU,2022-01-26 00:14:18,53.4376,55.2578,-1.17,100,95,5.48
145,Ilulissat,GL,2022-01-26 00:14:19,69.2167,-51.1,14.02,52,80,23.02
146,Nortelandia,BR,2022-01-26 00:14:19,-14.4547,-56.8028,78.17,78,100,2.84
147,Kamenka,RU,2022-01-26 00:14:19,51.3223,42.7678,4.26,99,91,5.68
148,Sibolga,ID,2022-01-26 00:14:20,1.7427,98.7792,75.72,90,100,4.21
149,Mokrous,RU,2022-01-26 00:14:20,51.2333,47.5167,11.21,98,100,3.78
150,Pundaguitan,PH,2022-01-26 00:14:20,6.3711,126.1689,80.56,78,100,7.47
151,Komarikhinskiy,RU,2022-01-26 00:14:21,58.0979,57.1163,4.19,97,35,4.23
152,Mar Del Plata,AR,2022-01-26 00:14:21,-38.0023,-57.5575,73.87,93,75,11.01
153,Krasnoselkup,RU,2022-01-26 00:14:22,65.7,82.4667,-12.77,98,34,11.83
154,Borogontsy,RU,2022-01-26 00:14:22,62.6683,131.1683,-25.49,100,100,1.32
155,Alofi,NU,2022-01-26 00:14:22,-19.0595,-169.9187,85.89,70,75,11.5
156,Dolinsk,RU,2022-01-26 00:14:23,47.35,142.8,12.51,86,23,2.73
157,Tasiilaq,GL,2022-01-26 00:14:23,65.6145,-37.6368,12.36,74,28,7.85
158,Mocuba,MZ,2022-01-26 00:14:23,-16.8392,36.9856,72.61,96,100,6.29
159,Mount Gambier,AU,2022-01-26 00:14:24,-37.8333,140.7667,89.85,36,60,9.64
160,Iqaluit,CA,2022-01-26 00:14:24,63.7506,-68.5145,-20.47,76,75,3.44
161,Odweyne,SO,2022-01-26 00:14:24,9.4092,45.064,60.04,32,15,14.43
162,Svarstad,NO,2022-01-26 00:14:25,59.399,9.9698,39.56,40,83,5.99
163,San Patricio,US,2022-01-26 00:14:25,28.017,-97.5169,60.67,64,0,8.68
164,Inta,RU,2022-01-26 00:14:25,66.0317,60.1659,18.81,84,100,19.8
165,Bengkulu,ID,2022-01-26 00:14:26,-3.8004,102.2655,77.45,82,95,3.13
166,Vondrozo,MG,2022-01-26 00:14:26,-22.8167,47.2833,63.66,93,25,1.63
167,Sitka,US,2022-01-26 00:14:27,57.0531,-135.33,39.09,93,100,4.61
168,Dikson,RU,2022-01-26 00:14:27,73.5069,80.5464,11.68,92,100,29.71
169,Saint-Philippe,RE,2022-01-26 00:14:27,-21.3585,55.7679,72.99,72,95,12.93
170,Port Augusta,AU,2022-01-26 00:14:28,-32.5,137.7667,88.7,40,0,5.1
171,Morondava,MG,2022-01-26 00:14:28,-20.2833,44.2833,77.9,79,77,6.33
172,Luderitz,NA,2022-01-26 00:14:29,-26.6481,15.1594,74.23,60,6,22.95
173,Samfya,ZM,2022-01-26 00:14:29,-11.3649,29.5565,64.47,94,100,7.54
174,Petawawa,CA,2022-01-26 00:14:29,45.9001,-77.3328,-1.73,92,64,5.37
175,Los Llanos De Aridane,ES,2022-01-26 00:14:30,28.6585,-17.9182,60.55,65,75,5.01
176,Kaeo,NZ,2022-01-26 00:14:30,-35.1,173.7833,74.32,93,49,10.11
177,Kirkland Lake,CA,2022-01-26 00:14:30,48.1446,-80.0377,-21.71,83,100,3.04
178,Tautira,PF,2022-01-26 00:14:31,-17.7333,-149.15,87.82,77,92,15.99
179,Ancud,CL,2022-01-26 00:14:31,-41.8697,-73.8203,62.13,79,9,1.88
180,Middletown,US,2022-01-26 00:14:32,39.5151,-84.3983,27.52,74,0,5.75
181,Karaton,ID,2022-01-26 00:14:32,-6.3424,106.1045,82.96,90,100,2.3
182,Sobolevo,RU,2022-01-26 00:14:33,54.4299,31.8996,26.67,89,99,10.54
183,Clyde River,CA,2022-01-26 00:14:33,70.4692,-68.5914,-5.57,77,100,18.41
184,Zlitan,LY,2022-01-26 00:14:33,32.4674,14.5687,51.35,54,64,9.46
185,Rio Gallegos,AR,2022-01-26 00:14:34,-51.6226,-69.2181,50.25,50,73,29.24
186,Pisco,PE,2022-01-26 00:15:34,-13.7,-76.2167,69.85,78,0,20.71
187,Gondanglegi,ID,2022-01-26 00:15:35,-7.7479,112.0132,78.58,87,95,2.95
188,Manakara,MG,2022-01-26 00:15:35,-22.1333,48.0167,70.7,81,41,0.67
189,Fairbanks,US,2022-01-26 00:12:17,64.8378,-147.7164,19.09,77,100,1.01
190,Leningradskiy,RU,2022-01-26 00:15:35,69.3833,178.4167,-26.55,86,47,4.94
191,Malumfashi,NG,2022-01-26 00:15:36,11.7853,7.6218,60.48,20,5,11.77
192,Baykit,RU,2022-01-26 00:15:36,61.67,96.37,-18.71,100,99,1.03
193,Salta,AR,2022-01-26 00:15:37,-24.7859,-65.4117,73.69,91,100,1.99
194,Kaohsiung,TW,2022-01-26 00:15:37,22.6163,120.3133,67.95,89,40,1.01
195,Bambous Virieux,MU,2022-01-26 00:15:37,-20.3428,57.7575,75.45,69,20,5.75
196,Ribeira Grande,PT,2022-01-26 00:15:38,38.5167,-28.7,59.59,77,96,6.73
197,Dingle,PH,2022-01-26 00:15:38,10.9995,122.6711,77.76,91,100,10.25
198,East London,ZA,2022-01-26 00:15:38,-33.0153,27.9116,72.52,84,76,3.0
199,Rupert,US,2022-01-26 00:11:15,42.6191,-113.6772,24.75,74,100,0.0
200,Knezica,BA,2022-01-26 00:15:39,45.1028,16.6775,20.88,81,12,2.64
201,Avera,US,2022-01-26 00:15:40,33.194,-82.5271,55.27,70,71,6.04
202,Aguimes,ES,2022-01-26 00:15:40,27.9054,-15.4461,57.83,63,20,13.8
203,Havelock,US,2022-01-26 00:11:37,34.8791,-76.9013,51.75,84,0,3.44
204,Bose,IT,2022-01-26 00:15:41,45.4612,8.0137,41.95,64,0,2.26
205,Gat,IL,2022-01-26 00:15:00,31.61,34.7642,50.4,100,9,10.38
206,Chernyshevskiy,RU,2022-01-26 00:15:41,63.0128,112.4714,-23.04,100,85,3.02
207,Meadow Lake,US,2022-01-26 00:15:41,34.8014,-106.5436,54.48,20,33,7.02
208,Sayyan,YE,2022-01-26 00:15:42,15.1718,44.3244,46.63,34,10,2.8
209,Okhtyrka,UA,2022-01-26 00:15:43,50.3104,34.8988,6.46,99,92,4.79
210,Healdsburg,US,2022-01-26 00:13:48,38.6105,-122.8692,66.9,60,0,5.01
211,Lebu,CL,2022-01-26 00:15:43,-37.6167,-73.65,58.89,85,0,15.1
212,Esperance,AU,2022-01-26 00:15:43,-33.8667,121.9,66.04,82,100,13.29
213,Husavik,IS,2022-01-26 00:15:44,66.0449,-17.3389,33.71,94,100,29.15
214,Sault Sainte Marie,CA,2022-01-26 00:15:44,46.5168,-84.3333,8.89,74,0,0.0
215,Kidodi,TZ,2022-01-26 00:15:45,-7.6036,37.0044,70.65,96,81,4.59
216,Irbil,IQ,2022-01-26 00:15:45,36.1926,44.0106,35.42,93,0,4.61
217,Ryomgard,DK,2022-01-26 00:15:46,56.3843,10.503,44.6,92,100,11.99
218,Palmital,BR,2022-01-26 00:15:46,-22.7889,-50.2175,78.06,66,84,4.7
219,Muros,ES,2022-01-26 00:15:46,42.7762,-9.0603,49.23,90,1,8.86
220,Majene,ID,2022-01-26 00:15:47,-3.5403,118.9707,81.28,71,88,2.59
221,La Asuncion,VE,2022-01-26 00:15:47,11.0333,-63.8628,65.93,100,30,13.8
222,Windsor,CA,2022-01-26 00:15:41,42.3001,-83.0165,21.54,62,100,5.75
223,Valentin Gomez Farias,MX,2022-01-26 00:15:48,28.2167,-106.5833,61.59,17,28,9.35
224,Kadaya,RU,2022-01-26 00:15:48,50.9327,119.2911,-21.23,100,92,2.66
225,Xingyi,CN,2022-01-26 00:15:48,24.1877,102.817,46.11,87,15,6.8
226,Tessalit,ML,2022-01-26 00:15:49,20.1986,1.0114,62.4,17,100,10.0
227,Marsh Harbour,BS,2022-01-26 00:15:49,26.5412,-77.0636,69.48,66,92,5.68
228,Kuala Terengganu,MY,2022-01-26 00:15:50,5.3302,103.1408,75.15,94,20,2.3
229,Launceston,AU,2022-01-26 00:11:02,-41.45,147.1667,69.8,68,100,11.5
230,Camacha,PT,2022-01-26 00:15:50,33.0833,-16.3333,58.42,59,40,18.41
231,Beloha,MG,2022-01-26 00:15:51,-25.1667,45.05,68.49,69,0,7.96
232,Chimbote,PE,2022-01-26 00:16:51,-9.0853,-78.5783,72.59,77,50,7.74
233,Olafsvik,IS,2022-01-26 00:16:52,64.8945,-23.7142,31.75,70,85,3.13
234,Vanimo,PG,2022-01-26 00:16:52,-2.6741,141.3028,84.13,69,91,2.55
235,Mahanoro,MG,2022-01-26 00:16:52,-19.9,48.8,72.99,84,100,4.92
236,Banepa,NP,2022-01-26 00:16:53,27.6298,85.5214,43.12,93,75,2.3
237,Omboue,GA,2022-01-26 00:16:53,-1.5746,9.2618,76.33,88,61,3.89
238,Harrismith,ZA,2022-01-26 00:16:53,-28.2728,29.1295,56.73,93,36,4.29
239,Krk,HR,2022-01-26 00:16:54,45.0258,14.5731,36.27,69,1,3.85
240,Adrar,MR,2022-01-26 00:16:54,20.5022,-10.0711,68.68,15,98,9.4
241,Segou,ML,2022-01-26 00:16:54,13.4317,-6.2157,70.9,13,57,8.68
242,Natal,BR,2022-01-26 00:14:07,-5.795,-35.2094,80.74,75,100,9.75
243,Lompoc,US,2022-01-26 00:14:09,34.6391,-120.4579,66.78,77,0,12.66
244,Codrington,AU,2022-01-26 00:16:55,-38.2667,141.9667,91.0,35,41,7.0
245,Santa Isabel,BR,2022-01-26 00:16:55,-23.3156,-46.2214,77.65,96,33,2.28
246,Gizo,SB,2022-01-26 00:16:56,-8.103,156.8419,83.8,74,100,5.82
247,Bandarbeyla,SO,2022-01-26 00:16:56,9.4942,50.8122,73.35,65,1,18.43
248,Guerrero Negro,MX,2022-01-26 00:16:56,27.9769,-114.0611,64.89,49,42,10.85
249,Birao,CF,2022-01-26 00:16:57,10.2849,22.7882,69.1,21,97,5.39
250,Onega,RU,2022-01-26 00:16:57,63.9061,38.1404,3.09,98,74,3.71
251,Kavieng,PG,2022-01-26 00:16:58,-2.5744,150.7967,84.83,71,99,8.46
252,Lardos,GR,2022-01-26 00:16:58,36.0942,28.0157,42.62,68,71,20.22
253,Gushikawa,JP,2022-01-26 00:16:58,26.3544,127.8686,65.43,82,0,4.61
254,Nyurba,RU,2022-01-26 00:16:59,63.2842,118.3319,-19.62,99,99,5.61
255,Korhogo,CI,2022-01-26 00:16:59,9.45,-5.6333,70.92,15,14,5.88
256,Male,MV,2022-01-26 00:16:59,4.1748,73.5089,79.92,63,86,9.8
257,Hasaki,JP,2022-01-26 00:17:00,35.7333,140.8333,39.6,86,100,18.9
258,Sao Simao,BR,2022-01-26 00:17:00,-21.4792,-47.5508,73.85,93,88,2.57
259,Dunedin,NZ,2022-01-26 00:12:39,-45.8742,170.5036,58.8,84,27,8.99
260,Marawi,PH,2022-01-26 00:17:01,7.9986,124.2928,67.64,87,93,2.75
261,Severo-Kurilsk,RU,2022-01-26 00:17:01,50.6789,156.125,25.63,59,64,5.32
262,Manadhoo,MV,2022-01-26 00:17:01,5.7667,73.3833,79.79,63,99,9.78
263,Carutapera,BR,2022-01-26 00:17:02,-1.195,-46.02,76.35,90,88,6.82
264,Rawson,AR,2022-01-26 00:17:02,-43.3002,-65.1023,62.47,61,0,20.58
265,Qaanaaq,GL,2022-01-26 00:13:51,77.484,-69.3632,-10.75,57,9,7.09
266,Dhidhdhoo,MV,2022-01-26 00:17:03,6.8833,73.1,79.75,61,89,8.37
267,Trelew,AR,2022-01-26 00:17:03,-43.249,-65.3051,62.98,56,0,21.36
268,Xiongyue,CN,2022-01-26 00:17:03,40.1774,122.1228,17.67,71,18,9.17
269,Saldanha,ZA,2022-01-26 00:17:04,-33.0117,17.9442,60.85,88,0,17.45
270,Kloulklubed,PW,2022-01-26 00:17:04,7.0419,134.2556,82.9,75,89,20.33
271,Voloshka,RU,2022-01-26 00:17:04,61.3314,40.0858,4.5,100,98,2.24
272,Kabinda,CD,2022-01-26 00:17:05,-6.1333,24.4833,65.97,96,100,0.6
273,Saint-Pierre,RE,2022-01-26 00:17:05,-21.3393,55.4781,73.08,73,100,5.75
274,Susangerd,IR,2022-01-26 00:17:06,31.5608,48.1831,46.42,33,0,5.32
275,Presidencia Roque Saenz Pena,AR,2022-01-26 00:17:06,-26.7852,-60.4388,92.01,33,33,6.04
276,Benjamin Constant,BR,2022-01-26 00:17:07,-4.3831,-70.0311,72.45,100,99,2.3
277,Lengshuijiang,CN,2022-01-26 00:17:07,27.6881,111.4294,38.75,93,100,2.84
278,Maltahohe,NA,2022-01-26 00:17:07,-24.8333,16.9833,76.48,28,1,10.51
279,Kudahuvadhoo,MV,2022-01-26 00:16:11,2.6708,72.8944,79.66,65,90,12.68
280,Mahebourg,MU,2022-01-26 00:18:08,-20.4081,57.7,75.49,69,20,5.75
281,Savino,RU,2022-01-26 00:18:09,56.5929,41.2181,-1.21,100,99,3.8
282,Ust-Nera,RU,2022-01-26 00:18:09,64.5667,143.2,-20.33,98,100,1.95
283,Parabel,RU,2022-01-26 00:18:09,58.6978,81.4825,-3.42,99,94,3.65
284,Martapura,ID,2022-01-26 00:18:10,-3.4167,114.85,78.89,94,97,4.61
285,Qom,IR,2022-01-26 00:18:10,34.6401,50.8764,42.6,48,0,3.27
286,Matamoros,MX,2022-01-26 00:18:10,25.5333,-103.25,71.71,27,40,6.91
287,The Valley,AI,2022-01-26 00:18:11,18.217,-63.0578,77.09,71,0,16.49
288,Black River,JM,2022-01-26 00:18:11,18.0264,-77.8487,80.6,79,22,5.91
289,Sarkand,KZ,2022-01-26 00:18:12,45.41,79.9186,14.4,71,70,7.4
290,Esmeraldas,BR,2022-01-26 00:18:12,-19.7625,-44.3139,77.86,79,30,7.61
291,Walvis Bay,NA,2022-01-26 00:18:12,-22.9575,14.5053,67.08,82,11,10.36
292,Henties Bay,NA,2022-01-26 00:18:13,-22.116,14.2845,66.85,84,7,5.21
293,Alice Springs,AU,2022-01-26 00:13:33,-23.7,133.8833,86.74,49,99,12.71
294,Muisne,EC,2022-01-26 00:18:13,0.6,-80.0333,74.5,89,100,6.2
295,Constitucion,CL,2022-01-26 00:17:23,-35.3333,-72.4167,58.91,88,10,10.07
296,Caravelas,BR,2022-01-26 00:18:14,-17.7125,-39.2481,76.71,84,84,8.79
297,Flin Flon,CA,2022-01-26 00:13:55,54.7682,-101.865,0.73,79,100,14.79
298,Sebring,US,2022-01-26 00:18:14,27.4956,-81.4409,53.82,89,100,6.91
299,Jaguey Grande,CU,2022-01-26 00:18:15,22.5269,-81.1286,72.25,82,0,5.08
300,Mana,GF,2022-01-26 00:18:15,5.6592,-53.7767,76.55,84,94,9.42
301,Salalah,OM,2022-01-26 00:18:15,17.0151,54.0924,67.33,32,4,6.46
302,Port Hedland,AU,2022-01-26 00:18:16,-20.3167,118.5667,87.85,70,75,8.05
303,Popondetta,PG,2022-01-26 00:18:16,-8.7537,148.2534,87.15,67,100,2.44
304,Tilichiki,RU,2022-01-26 00:18:16,60.4667,166.1,-12.08,93,99,10.58
305,Progreso,MX,2022-01-26 00:18:17,21.2833,-89.6667,78.12,89,19,6.71
306,Koslan,RU,2022-01-26 00:18:17,63.4564,48.8989,18.7,94,100,6.87
307,Aklavik,CA,2022-01-26 00:18:18,68.2191,-135.0107,23.83,79,100,18.41
308,Tocopilla,CL,2022-01-26 00:15:18,-22.092,-70.1979,68.83,68,24,5.35
309,Vostok,RU,2022-01-26 00:17:20,46.4856,135.8833,2.64,93,93,0.98
310,Vao,NC,2022-01-26 00:18:18,-22.6667,167.4833,77.2,72,61,8.81
311,Port Lincoln,AU,2022-01-26 00:18:19,-34.7333,135.8667,74.08,77,15,1.16
312,Utete,TZ,2022-01-26 00:18:19,-7.986,38.758,72.12,92,79,1.79
313,Sabinas Hidalgo,MX,2022-01-26 00:18:20,26.5,-100.1667,65.61,42,0,8.79
314,Conner,PH,2022-01-26 00:18:20,17.7964,121.3275,72.81,93,80,0.56
315,Casper,US,2022-01-26 00:15:07,42.8666,-106.3131,22.5,79,20,14.97
316,Goderich,CA,2022-01-26 00:15:28,43.7501,-81.7165,16.92,85,100,5.75
317,Tadine,NC,2022-01-26 00:18:21,-21.55,167.8833,81.16,77,81,13.31
318,Asau,RO,2022-01-26 00:18:21,46.4333,26.4,22.28,78,96,7.7
319,Toyooka,JP,2022-01-26 00:18:22,35.5333,134.8333,37.51,100,75,4.61
320,Kahului,US,2022-01-26 00:17:52,20.8947,-156.47,82.98,55,20,19.57
321,Muroto,JP,2022-01-26 00:16:16,33.2833,134.15,46.44,63,50,4.38
322,Leshukonskoye,RU,2022-01-26 00:18:22,64.8989,45.7622,9.9,97,76,4.92
323,Nova Soure,BR,2022-01-26 00:18:23,-11.2333,-38.4833,75.34,81,41,9.98
324,Zacatepec,MX,2022-01-26 00:19:23,18.65,-99.2,83.64,32,0,2.98
325,Ler,SS,2022-01-26 00:19:23,8.3018,30.1418,77.25,25,95,5.91
326,Atocha,BO,2022-01-26 00:19:24,-20.9333,-66.2333,47.35,87,99,7.83
327,Gandorhun,SL,2022-01-26 00:19:24,7.5,-11.8333,71.8,90,4,1.48
328,Portalegre,PT,2022-01-26 00:19:25,39.2938,-7.4312,44.49,66,4,8.66
329,Coquimbo,CL,2022-01-26 00:19:25,-29.9533,-71.3436,63.86,81,3,5.19
330,Emerald,AU,2022-01-26 00:19:25,-23.5333,148.1667,84.34,46,99,10.92
331,Egra,CZ,2022-01-26 00:19:26,50.0796,12.3739,32.99,97,99,3.36
332,Gallup,US,2022-01-26 00:19:26,35.5281,-108.7426,46.24,26,75,1.99
333,Flinders,AU,2022-01-26 00:19:27,-34.5833,150.8552,77.2,70,99,7.07
334,Arroyo Grande,US,2022-01-26 00:19:27,35.1186,-120.5907,66.42,63,0,5.01
335,Barra Patuca,HN,2022-01-26 00:19:28,15.8,-84.2833,76.91,79,0,10.74
336,Saint Simons,US,2022-01-26 00:19:28,31.1352,-81.3901,56.07,70,100,0.0
337,Nuuk,GL,2022-01-26 00:19:28,64.1835,-51.7216,23.61,80,100,5.75
338,Pangnirtung,CA,2022-01-26 00:19:29,66.1451,-65.7125,-12.05,98,100,2.64
339,Sao Filipe,CV,2022-01-26 00:19:29,14.8961,-24.4956,76.03,60,2,9.69
340,Misratah,LY,2022-01-26 00:19:30,32.3754,15.0925,51.75,54,83,9.8
341,Yarmouth,US,2022-01-26 00:19:30,41.7057,-70.2286,39.34,79,100,13.0
342,Gorontalo,ID,2022-01-26 00:19:31,0.5412,123.0595,80.55,83,99,1.43
343,Fort Nelson,CA,2022-01-26 00:15:41,58.8053,-122.7002,42.39,49,100,17.27
344,Sao Joao Da Barra,BR,2022-01-26 00:19:32,-21.6403,-41.0511,75.67,89,2,8.25
345,Waipawa,NZ,2022-01-26 00:19:33,-41.4122,175.5153,68.63,62,92,4.63
346,Pecos,US,2022-01-26 00:19:33,31.4229,-103.4932,64.49,19,0,9.22
347,Terrace,CA,2022-01-26 00:16:21,54.5163,-128.6035,40.42,100,20,2.3
348,Gizycko,PL,2022-01-26 00:19:33,54.0381,21.7644,32.7,98,100,3.42
349,Antalaha,MG,2022-01-26 00:19:34,-14.9003,50.2788,73.67,88,100,6.08
350,Panguipulli,CL,2022-01-26 00:19:34,-39.6333,-72.3333,65.17,60,0,2.3
351,Vila Franca Do Campo,PT,2022-01-26 00:19:35,37.7167,-25.4333,59.2,80,78,8.63
352,Port Macquarie,AU,2022-01-26 00:19:35,-31.4333,152.9167,72.9,69,100,5.08
353,Lavrentiya,RU,2022-01-26 00:15:05,65.5833,-171.0,-20.02,87,55,5.41
354,Tynda,RU,2022-01-26 00:19:36,55.1667,124.7167,-20.02,97,26,4.09
355,Santa Marta,CO,2022-01-26 00:19:36,11.2408,-74.199,83.34,66,20,17.0
356,Tigil,RU,2022-01-26 00:19:36,57.8,158.6667,-7.42,96,99,1.36
357,Yerbogachen,RU,2022-01-26 00:19:37,61.2767,108.0108,-19.34,100,89,3.09
358,Roma,US,2022-01-26 00:19:37,43.2128,-75.4557,19.65,89,100,8.05
359,Anito,PH,2022-01-26 00:19:37,12.4497,125.2886,78.66,91,100,11.34
360,Broken Hill,AU,2022-01-26 00:19:38,-31.95,141.4333,83.97,46,61,7.07
361,Valdivia,CL,2022-01-26 00:19:38,-39.8142,-73.2459,62.35,74,16,0.74
362,Bichura,RU,2022-01-26 00:19:39,50.5881,107.6022,-3.41,97,100,3.02
363,Novovarshavka,RU,2022-01-26 00:19:39,54.1721,74.6946,12.97,95,100,9.08
364,Aksarka,RU,2022-01-26 00:19:40,66.5606,67.7975,11.89,94,100,12.73
365,Hammerfest,NO,2022-01-26 00:19:40,70.6634,23.6821,28.85,80,75,20.71
366,Bathsheba,BB,2022-01-26 00:18:06,13.2167,-59.5167,74.01,83,75,9.22
367,Pompeu,BR,2022-01-26 00:20:41,-19.2244,-44.9353,67.95,78,50,4.23
368,Aitape,PG,2022-01-26 00:20:41,-3.1374,142.3475,83.79,70,97,0.22
369,Grindavik,IS,2022-01-26 00:20:41,63.8424,-22.4338,31.95,100,75,3.44
370,Gimli,CA,2022-01-26 00:20:04,50.6336,-96.9907,-12.87,70,46,8.05
371,Bela,IN,2022-01-26 00:20:42,25.9333,81.9833,49.39,72,1,4.83
372,Ahipara,NZ,2022-01-26 00:20:42,-35.1667,173.1667,75.4,72,53,9.28
373,Fuling,CN,2022-01-26 00:20:43,29.7022,107.3919,44.37,92,100,2.1
374,Latung,PH,2022-01-26 00:20:43,5.5,120.8833,81.99,78,91,8.21
375,Rudraprayag,IN,2022-01-26 00:20:43,30.2833,78.9833,47.03,84,93,2.95
376,Kijang,KR,2022-01-26 00:20:44,35.2442,129.2139,38.93,68,29,6.82
377,Xuddur,SO,2022-01-26 00:20:44,4.1213,43.8894,66.87,50,5,13.85
378,Ulaangom,MN,2022-01-26 00:19:19,49.9811,92.0667,-20.33,85,95,4.38
379,Luebo,CD,2022-01-26 00:20:45,-5.35,21.4167,70.0,92,99,0.22
380,Makokou,GA,2022-01-26 00:20:45,0.5738,12.8642,70.95,89,100,2.82
381,San Cristobal,VE,2022-01-26 00:20:46,7.7669,-72.225,75.38,81,95,2.24
382,Gusinoye Ozero,RU,2022-01-26 00:20:46,51.1144,106.2614,-11.87,97,53,2.3
383,Maceio,BR,2022-01-26 00:19:39,-9.6658,-35.7353,80.04,89,40,4.61
384,Macaubas,BR,2022-01-26 00:20:47,-13.0194,-42.6986,65.5,98,95,0.49
385,Buchanan,LR,2022-01-26 00:16:19,5.8808,-10.0467,77.92,86,5,3.33
386,Bilma,NE,2022-01-26 00:20:47,18.6853,12.9164,57.02,23,0,16.6
387,Moose Factory,CA,2022-01-26 00:20:47,51.2585,-80.6094,-16.6,63,0,12.66
388,Hervey Bay,AU,2022-01-26 00:19:32,-25.2986,152.8535,85.03,72,86,3.0
389,El Alto,PE,2022-01-26 00:20:48,-4.2714,-81.2147,70.12,83,97,9.78
390,Pyapon,MM,2022-01-26 00:20:48,16.2833,95.6833,66.2,72,1,4.16
391,Port Hardy,CA,2022-01-26 00:20:49,50.6996,-127.4199,41.18,87,75,2.3
392,Shunyi,CN,2022-01-26 00:20:49,40.125,116.6453,24.75,42,0,11.18
393,El Paso,US,2022-01-26 00:16:49,31.8001,-106.2005,62.01,26,20,9.22
394,College,US,2022-01-26 00:20:50,64.8569,-147.8028,21.15,76,100,5.75
395,Pervomayskoye,RU,2022-01-26 00:20:50,43.919,46.7102,30.54,79,23,5.41
396,Touros,BR,2022-01-26 00:20:50,-5.1989,-35.4608,81.5,76,100,12.84
397,Kiruna,SE,2022-01-26 00:20:51,67.8557,20.2251,18.52,79,20,11.5
398,Babayurt,RU,2022-01-26 00:20:52,43.6002,46.7789,30.49,77,19,4.79
399,Beringovskiy,RU,2022-01-26 00:20:52,63.05,179.3167,-22.77,92,18,0.89
400,Izberbash,RU,2022-01-26 00:20:53,42.5696,47.8645,30.25,82,88,5.17
401,Half Moon Bay,US,2022-01-26 00:20:53,37.4636,-122.4286,65.82,74,0,3.0
402,Mantua,IT,2022-01-26 00:20:53,45.1667,10.7833,41.43,91,0,5.99
403,Saint Anthony,US,2022-01-26 00:18:41,45.0205,-93.218,0.28,64,0,1.99
404,Waddan,LY,2022-01-26 00:20:54,29.1614,16.139,42.64,75,33,7.02
405,Turukhansk,RU,2022-01-26 00:20:54,65.8167,87.9833,-17.93,100,90,6.02
406,Scarborough,GB,2022-01-26 00:20:24,54.2797,-0.4044,41.32,91,68,7.63
407,Urumqi,CN,2022-01-26 00:20:55,43.801,87.6005,4.15,85,75,2.24
408,Kodiak,US,2022-01-26 00:20:55,57.79,-152.4072,33.31,51,0,6.91
409,Goure,NE,2022-01-26 00:20:56,13.9835,10.2704,63.01,19,4,13.42
410,Menongue,AO,2022-01-26 00:20:56,-14.6585,17.691,64.17,66,97,3.65
411,Zhigansk,RU,2022-01-26 00:20:56,66.7697,123.3711,-13.72,98,98,8.28
412,Parana,AR,2022-01-26 00:20:57,-31.732,-60.5238,77.56,96,98,7.78
413,Juarez,MX,2022-01-26 00:21:57,31.7333,-106.4833,63.18,29,20,3.44
414,Mundargi,IN,2022-01-26 00:21:57,15.2167,75.9,64.51,62,2,3.56
415,Mahibadhoo,MV,2022-01-26 00:21:58,3.7833,72.9667,79.65,65,91,9.75
416,Puerto Baquerizo Moreno,EC,2022-01-26 00:21:58,-0.9,-89.6,74.25,84,57,7.65
417,Kavaratti,IN,2022-01-26 00:21:59,10.5669,72.642,77.43,53,84,7.25
418,Bereda,ES,2022-01-26 00:21:59,43.2686,-7.5406,37.58,99,14,1.52
419,Zhoucheng,CN,2022-01-26 00:21:59,35.9122,116.3117,31.01,70,2,4.63
420,Iquitos,PE,2022-01-26 00:22:00,-3.7481,-73.2472,71.64,100,100,4.61
421,Yakeshi,CN,2022-01-26 00:22:00,49.2833,120.7333,-8.03,99,99,2.91
422,Katsuura,JP,2022-01-26 00:17:22,35.1333,140.3,44.19,92,99,15.68
423,Yuzhne,UA,2022-01-26 00:22:01,46.6221,31.1013,21.9,75,30,6.73
424,Kati,ML,2022-01-26 00:22:01,12.7441,-8.0726,71.01,13,90,3.71
425,La Libertad,EC,2022-01-26 00:22:01,-2.2333,-80.9,74.48,85,100,7.05
426,Aripuana,BR,2022-01-26 00:22:02,-9.1667,-60.6333,73.98,96,97,2.15
427,Ballina,AU,2022-01-26 00:22:02,-28.8667,153.5667,77.18,88,100,4.54
428,Sechura,PE,2022-01-26 00:17:32,-5.5569,-80.8222,76.66,66,72,14.67
429,Camabatela,AO,2022-01-26 00:22:03,-8.1881,15.375,62.96,99,100,6.11
430,Tromso,NO,2022-01-26 00:22:03,69.6496,18.957,27.25,86,100,2.3
431,Comodoro Rivadavia,AR,2022-01-26 00:22:03,-45.8667,-67.5,60.66,63,0,8.05
432,Jonava,LT,2022-01-26 00:22:04,55.0833,24.2833,26.65,99,62,2.3
433,Faya,SA,2022-01-26 00:22:04,18.3851,42.4509,51.91,78,9,4.03
434,Raudeberg,NO,2022-01-26 00:22:05,61.9875,5.1352,45.19,95,85,11.01
435,Methoni,GR,2022-01-26 00:22:05,36.8197,21.7049,37.22,43,0,5.73
436,Buala,SB,2022-01-26 00:22:05,-8.145,159.5921,81.55,80,100,6.55
437,Kulhudhuffushi,MV,2022-01-26 00:22:06,6.6221,73.07,79.72,61,83,8.59
438,Pushkar,IN,2022-01-26 00:22:06,26.5,74.55,47.64,58,0,2.89
439,Changzhou,CN,2022-01-26 00:22:06,31.7833,119.9667,42.01,72,100,6.93
440,Cabrobo,BR,2022-01-26 00:22:07,-8.5142,-39.31,82.67,43,75,6.08
441,Numan,NG,2022-01-26 00:22:07,9.4667,12.0333,69.28,25,10,4.92
442,Cape Canaveral,US,2022-01-26 00:17:52,28.4058,-80.6048,55.04,85,75,8.05
443,Arlit,NE,2022-01-26 00:18:30,18.7369,7.3853,58.33,20,38,7.61
444,Korla,CN,2022-01-26 00:22:08,41.7597,86.1469,22.57,67,0,4.41
445,Moron,AR,2022-01-26 00:22:08,-34.6534,-58.6198,80.35,89,96,3.65
446,Komsomolskiy,UZ,2022-01-26 00:22:09,40.4272,71.7189,29.62,80,75,4.61
447,Montrose,US,2022-01-26 00:22:09,38.4166,-108.2673,24.37,73,100,5.41
448,Talaya,RU,2022-01-26 00:22:09,61.3833,152.75,-25.91,97,100,0.27
449,Umri,IN,2022-01-26 00:22:10,26.5106,78.9367,48.31,83,10,3.74
450,Westport,US,2022-01-26 00:22:10,41.1415,-73.3579,35.76,58,0,1.01
451,Mitu,CO,2022-01-26 00:22:10,1.1983,-70.1733,72.32,98,100,2.71
452,Farim,GW,2022-01-26 00:22:11,12.4839,-15.2217,77.29,9,100,8.12
453,Verkhnevilyuysk,RU,2022-01-26 00:22:11,63.4453,120.3167,-18.85,99,94,4.09
454,Nabire,ID,2022-01-26 00:22:11,-3.3667,135.4833,83.53,76,91,1.68
455,Kachug,RU,2022-01-26 00:22:12,53.9606,105.8817,-21.21,100,99,0.87
456,Gamba,GA,2022-01-26 00:22:12,-2.65,10.0,74.53,90,92,2.48
457,Limbe,CM,2022-01-26 00:22:13,4.0242,9.2149,76.05,79,53,1.25
458,Povenets,RU,2022-01-26 00:22:13,62.8487,34.8262,0.18,99,33,2.91
459,Borujerd,IR,2022-01-26 00:22:13,33.8973,48.7516,25.34,84,0,3.74
460,Cam Ranh,VN,2022-01-26 00:22:14,11.9214,109.1591,73.36,83,20,5.75
461,Auki,SB,2022-01-26 00:22:14,-8.7676,160.7034,80.64,86,99,7.14
462,Pinega,RU,2022-01-26 00:23:14,64.7001,43.3936,11.55,99,45,5.46
463,Neiafu,TO,2022-01-26 00:23:15,-18.65,-173.9833,86.68,66,40,9.22
464,Simao,CN,2022-01-26 00:23:15,22.7886,100.9748,48.83,97,35,2.21
465,Tura,IN,2022-01-26 00:23:15,25.5198,90.2201,54.81,77,20,2.82
466,Hirara,JP,2022-01-26 00:23:16,24.8,125.2833,70.07,78,20,10.36
467,Arrecife,ES,2022-01-26 00:23:16,28.963,-13.5477,62.67,82,20,14.97
468,Roebourne,AU,2022-01-26 00:23:17,-20.7833,117.1333,84.65,68,2,9.4
469,Maku,IR,2022-01-26 00:23:17,39.2911,44.4521,16.47,87,66,7.07
470,Inhambane,MZ,2022-01-26 00:23:17,-23.865,35.3833,78.67,90,87,11.16
471,Chase,CA,2022-01-26 00:23:18,50.8165,-119.6857,32.88,95,94,2.89
472,Namatanai,PG,2022-01-26 00:23:18,-3.6667,152.4333,84.96,69,86,4.9
473,Karpogory,RU,2022-01-26 00:21:07,64.0019,44.4451,8.58,100,95,2.82
474,Eureka,US,2022-01-26 00:18:54,40.8021,-124.1637,55.18,62,1,2.24
475,Kysyl-Syr,RU,2022-01-26 00:23:19,63.8986,122.7617,-14.55,97,96,6.33
476,Bayan,CN,2022-01-26 00:23:19,46.0833,127.4,5.95,96,100,4.63
477,Kashi,CN,2022-01-26 00:23:20,39.4547,75.9797,29.26,50,20,6.71
478,Tabuk,PH,2022-01-26 00:23:20,17.4189,121.4443,72.48,87,91,2.01
479,Nicoya,CR,2022-01-26 00:23:20,10.1483,-85.452,81.95,68,3,3.22
480,Ozernovskiy,RU,2022-01-26 00:23:21,51.5,156.5167,24.46,62,90,1.52
481,Rohatyn,UA,2022-01-26 00:23:21,49.409,24.6093,34.12,97,100,14.94
482,Novoukrainskoye,RU,2022-01-26 00:23:21,45.3783,40.5297,24.8,90,45,4.0
483,Santiago,CL,2022-01-26 00:22:19,-33.4569,-70.6483,77.85,41,0,10.36
484,Belaya Gora,RU,2022-01-26 00:23:22,68.5333,146.4167,-34.37,100,96,3.53
485,Fomboni,KM,2022-01-26 00:23:22,-12.28,43.7425,82.22,72,98,12.15
486,Sivaki,RU,2022-01-26 00:23:23,52.6333,126.75,-11.45,99,34,5.14
487,Haines Junction,CA,2022-01-26 00:23:23,60.7522,-137.5108,33.75,55,57,3.44
488,Margate,GB,2022-01-26 00:22:33,51.3813,1.3862,36.75,82,100,4.0
489,Karwar,IN,2022-01-26 00:23:23,14.8,74.1333,65.16,82,6,5.39
490,Peniche,PT,2022-01-26 00:23:24,39.3558,-9.3811,52.09,82,0,9.48
491,Keuruu,FI,2022-01-26 00:23:24,62.2667,24.7,20.17,97,68,4.72
492,Havoysund,NO,2022-01-26 00:23:25,70.9963,24.6622,29.28,61,100,28.05
493,Carupano,VE,2022-01-26 00:23:25,10.6678,-63.2585,74.93,85,37,10.38
494,Ambovombe,MG,2022-01-26 00:23:25,-25.1667,46.0833,67.12,77,0,3.69
495,Ushirombo,TZ,2022-01-26 00:23:26,-3.4919,31.9639,63.28,95,100,2.26
496,Sao Felix Do Xingu,BR,2022-01-26 00:23:26,-6.6447,-51.995,71.94,97,100,1.63
497,Kuching,MY,2022-01-26 00:23:26,1.55,110.3333,77.22,94,20,2.3
498,Mosquera,CO,2022-01-26 00:20:16,4.7059,-74.2302,55.74,92,100,1.83
499,Nome,US,2022-01-26 00:18:55,64.5011,-165.4064,-5.73,84,40,0.0
500,Nishihara,JP,2022-01-26 00:23:27,26.1842,127.7558,65.48,64,20,8.05
501,Alyangula,AU,2022-01-26 00:23:27,-13.8483,136.4192,87.67,74,89,9.22
502,Caxito,AO,2022-01-26 00:23:28,-8.5785,13.6643,74.44,89,98,2.91
503,Udachnyy,RU,2022-01-26 00:23:28,66.4167,112.4,3.45,84,100,5.39
504,Honiara,SB,2022-01-26 00:23:29,-9.4333,159.95,82.89,79,99,7.83
505,Kapiri Mposhi,ZM,2022-01-26 00:19:08,-13.9652,28.6809,62.47,98,100,5.01
506,Dyersburg,US,2022-01-26 00:23:29,36.0345,-89.3856,31.64,64,0,10.36
507,Prieska,ZA,2022-01-26 00:23:30,-29.6641,22.7474,80.22,27,5,3.02
508,Faanui,PF,2022-01-26 00:24:30,-16.4833,-151.75,80.47,77,98,13.76
509,Itarema,BR,2022-01-26 00:24:30,-2.9248,-39.9167,80.71,74,99,12.73
510,Vaasa,FI,2022-01-26 00:24:31,63.096,21.6158,23.95,93,51,3.44
511,Naze,JP,2022-01-26 00:24:31,28.3667,129.4833,59.92,66,83,8.32
512,La Primavera,CO,2022-01-26 00:24:31,5.4906,-70.4092,88.9,39,90,4.38
513,Labuhan,ID,2022-01-26 00:24:32,-6.8844,112.2051,80.56,83,99,12.35
514,Akdepe,TM,2022-01-26 00:24:32,42.0551,59.3788,15.89,78,16,6.38
515,Takoradi,GH,2022-01-26 00:24:33,4.8845,-1.7554,78.15,85,2,3.58
516,Mataram,ID,2022-01-26 00:24:33,-8.5833,116.1167,83.21,79,98,3.76
517,Tapiramuta,BR,2022-01-26 00:20:35,-11.8472,-40.7914,65.55,95,98,1.52
518,Owando,CG,2022-01-26 00:24:33,-0.4819,15.8999,73.94,82,95,3.96
519,Araouane,ML,2022-01-26 00:24:34,18.9048,-3.5265,67.46,16,100,9.98
520,Moissac,FR,2022-01-26 00:24:34,44.1024,1.0945,43.48,83,0,2.71
521,Artyom,AZ,2022-01-26 00:24:34,40.4723,50.333,33.94,75,34,10.96
522,Vestmanna,FO,2022-01-26 00:24:35,62.1564,-7.1664,40.12,65,100,42.57
523,Burnie,AU,2022-01-26 00:24:35,-41.0667,145.9167,73.92,69,88,11.56
524,Pulandian,CN,2022-01-26 00:24:35,39.3953,121.9669,24.93,59,12,7.36
525,Mombaca,BR,2022-01-26 00:24:36,-5.7431,-39.6275,78.08,63,78,1.72
526,Muravlenko,RU,2022-01-26 00:19:40,63.7898,74.523,-3.77,100,87,11.14
527,Sfantu Gheorghe,RO,2022-01-26 00:24:36,45.8667,25.7833,20.93,97,100,2.26
528,Cuamba,MZ,2022-01-26 00:24:37,-14.8031,36.5372,67.51,99,99,5.37
529,Pietarsaari,FI,2022-01-26 00:24:37,63.65,22.6833,23.9,96,61,9.04
530,Jiaojiang,CN,2022-01-26 00:24:38,28.6803,121.4428,46.99,94,100,5.19
531,Chany,RU,2022-01-26 00:24:38,55.3121,76.7647,10.04,97,100,0.67
532,Yuksekova,TR,2022-01-26 00:24:38,37.5736,44.2872,11.03,99,93,0.92
533,Huron,US,2022-01-26 00:20:25,41.1501,-82.5499,18.84,95,59,4.34
534,Uberlandia,BR,2022-01-26 00:24:39,-18.9186,-48.2772,74.41,83,20,4.61
535,Binga,ZW,2022-01-26 00:24:39,-17.6203,27.3414,69.08,97,100,7.74
536,Les Cayes,HT,2022-01-26 00:24:39,18.2,-73.75,74.77,78,59,5.28
537,Were Ilu,ET,2022-01-26 00:24:40,10.6,39.4333,45.46,79,67,6.64
538,Torbat-E Jam,IR,2022-01-26 00:24:40,35.244,60.6225,36.82,48,0,0.43
539,Nipawin,CA,2022-01-26 00:24:40,53.3668,-104.0009,1.44,92,100,16.11
540,Port Said,EG,2022-01-26 00:24:41,31.2565,32.2841,53.92,66,21,20.11
541,Poum,NC,2022-01-26 00:24:41,-20.2333,164.0167,80.73,72,81,10.98
542,Jizan,SA,2022-01-26 00:24:42,17.3333,42.6667,74.34,74,9,3.06
543,Plettenberg Bay,ZA,2022-01-26 00:24:42,-34.0527,23.3716,67.14,95,94,4.99
544,Lismore,AU,2022-01-26 00:24:43,-28.8135,153.2773,78.75,69,100,3.44
545,Usinsk,RU,2022-01-26 00:24:43,65.9939,57.5281,18.25,94,100,17.65
546,Lagoa,PT,2022-01-26 00:24:43,39.05,-27.9833,58.62,81,92,8.9
547,La Paz,BO,2022-01-26 00:22:41,-16.5,-68.15,53.58,76,75,5.75
548,Fengzhen,CN,2022-01-26 00:24:44,40.4394,113.1536,10.72,78,100,2.64
549,Texarkana,US,2022-01-26 00:21:29,33.4251,-94.0477,50.22,49,0,5.01
550,Houma,US,2022-01-26 00:21:45,29.5958,-90.7195,53.6,93,95,1.99
551,Beyneu,KZ,2022-01-26 00:22:32,45.3167,55.2,28.74,75,75,16.84
552,Salinas,US,2022-01-26 00:24:48,36.6777,-121.6555,65.8,71,0,11.5
553,Sorland,NO,2022-01-26 00:25:45,67.667,12.6934,37.24,98,100,29.04
554,Kautokeino,NO,2022-01-26 00:25:45,69.0125,23.0412,5.99,94,56,1.12
